Date,Open,High,Low,Close,Volume,Dividends,Stock Splits
2016-09-16,,,,,,,
2016-09-19,,,,,,,
2016-09-20,,,,,,,
2016-09-21,,,,,,,
2016-09-22,,,,,,,
2016-09-23,,,,,,,
2016-09-26,,,,,,,
2016-09-27,,,,,,,
2016-09-28,,,,,,,
2016-09-29,,,,,,,
2016-09-30,,,,,,,
2016-10-03,,,,,,,
2016-10-04,,,,,,,
2016-10-05,,,,,,,
2016-10-06,,,,,,,
2016-10-07,,,,,,,
2016-10-10,,,,,,,
2016-10-11,,,,,,,
2016-10-12,,,,,,,
2016-10-13,,,,,,,
2016-10-14,,,,,,,
2016-10-17,,,,,,,
2016-10-18,,,,,,,
2016-10-19,,,,,,,
2016-10-20,,,,,,,
2016-10-21,,,,,,,
2016-10-24,,,,,,,
2016-10-25,,,,,,,
2016-10-26,,,,,,,
2016-10-27,,,,,,,
2016-10-28,,,,,,,
2016-10-31,,,,,,,
2016-11-01,,,,,,,
2016-11-02,,,,,,,
2016-11-03,,,,,,,
2016-11-04,,,,,,,
2016-11-07,,,,,,,
2016-11-08,,,,,,,
2016-11-09,,,,,,,
2016-11-10,,,,,,,
2016-11-11,,,,,,,
2016-11-14,,,,,,,
2016-11-15,,,,,,,
2016-11-16,,,,,,,
2016-11-17,,,,,,,
2016-11-18,,,,,,,
2016-11-21,,,,,,,
2016-11-22,,,,,,,
2016-11-23,,,,,,,
2016-11-25,,,,,,,
2016-11-28,,,,,,,
2016-11-29,,,,,,,
2016-11-30,,,,,,,
2016-12-01,,,,,,,
2016-12-02,,,,,,,
2016-12-05,,,,,,,
2016-12-06,,,,,,,
2016-12-07,,,,,,,
2016-12-08,,,,,,,
2016-12-09,,,,,,,
2016-12-12,,,,,,,
2016-12-13,,,,,,,
2016-12-14,,,,,,,
2016-12-15,,,,,,,
2016-12-16,,,,,,,
2016-12-19,,,,,,,
2016-12-20,,,,,,,
2016-12-21,,,,,,,
2016-12-22,,,,,,,
2016-12-23,,,,,,,
2016-12-27,,,,,,,
2016-12-28,,,,,,,
2016-12-29,,,,,,,
2016-12-30,,,,,,,
2017-01-03,,,,,,,
2017-01-04,,,,,,,
2017-01-05,,,,,,,
2017-01-06,,,,,,,
2017-01-09,,,,,,,
2017-01-10,,,,,,,
2017-01-11,,,,,,,
2017-01-12,,,,,,,
2017-01-13,,,,,,,
2017-01-17,,,,,,,
2017-01-18,,,,,,,
2017-01-19,,,,,,,
2017-01-20,,,,,,,
2017-01-23,,,,,,,
2017-01-24,,,,,,,
2017-01-25,,,,,,,
2017-01-26,,,,,,,
2017-01-27,,,,,,,
2017-01-30,,,,,,,
2017-01-31,,,,,,,
2017-02-01,,,,,,,
2017-02-02,,,,,,,
2017-02-03,,,,,,,
2017-02-06,,,,,,,
2017-02-07,,,,,,,
2017-02-08,,,,,,,
2017-02-09,,,,,,,
2017-02-10,,,,,,,
2017-02-13,,,,,,,
2017-02-14,,,,,,,
2017-02-15,,,,,,,
2017-02-16,,,,,,,
2017-02-17,,,,,,,
2017-02-20,,,,,,,
2017-02-21,,,,,,,
2017-02-22,,,,,,,
2017-02-23,,,,,,,
2017-02-24,,,,,,,
2017-02-27,,,,,,,
2017-02-28,,,,,,,
2017-03-01,,,,,,,
2017-03-02,,,,,,,
2017-03-03,,,,,,,
2017-03-06,,,,,,,
2017-03-07,,,,,,,
2017-03-08,,,,,,,
2017-03-09,,,,,,,
2017-03-10,,,,,,,
2017-03-13,,,,,,,
2017-03-14,,,,,,,
2017-03-15,,,,,,,
2017-03-16,,,,,,,
2017-03-17,,,,,,,
2017-03-20,,,,,,,
2017-03-21,,,,,,,
2017-03-22,,,,,,,
2017-03-23,,,,,,,
2017-03-24,,,,,,,
2017-03-27,,,,,,,
2017-03-28,,,,,,,
2017-03-29,,,,,,,
2017-03-30,,,,,,,
2017-03-31,,,,,,,
2017-04-03,,,,,,,
2017-04-04,,,,,,,
2017-04-05,,,,,,,
2017-04-06,,,,,,,
2017-04-07,,,,,,,
2017-04-10,,,,,,,
2017-04-11,,,,,,,
2017-04-12,,,,,,,
2017-04-13,,,,,,,
2017-04-17,,,,,,,
2017-04-18,,,,,,,
2017-04-19,,,,,,,
2017-04-20,,,,,,,
2017-04-21,,,,,,,
2017-04-24,,,,,,,
2017-04-25,,,,,,,
2017-04-26,,,,,,,
2017-04-27,,,,,,,
2017-04-28,,,,,,,
2017-05-01,,,,,,,
2017-05-02,,,,,,,
2017-05-03,,,,,,,
2017-05-04,,,,,,,
2017-05-05,,,,,,,
2017-05-08,,,,,,,
2017-05-09,,,,,,,
2017-05-10,,,,,,,
2017-05-11,,,,,,,
2017-05-12,,,,,,,
2017-05-15,,,,,,,
2017-05-16,,,,,,,
2017-05-17,,,,,,,
2017-05-18,,,,,,,
2017-05-19,,,,,,,
2017-05-22,,,,,,,
2017-05-23,,,,,,,
2017-05-24,,,,,,,
2017-05-25,,,,,,,
2017-05-26,,,,,,,
2017-05-30,,,,,,,
2017-05-31,,,,,,,
2017-06-01,,,,,,,
2017-06-02,,,,,,,
2017-06-05,,,,,,,
2017-06-06,,,,,,,
2017-06-07,,,,,,,
2017-06-08,,,,,,,
2017-06-09,,,,,,,
2017-06-12,,,,,,,
2017-06-13,,,,,,,
2017-06-14,,,,,,,
2017-06-15,,,,,,,
2017-06-16,,,,,,,
2017-06-19,,,,,,,
2017-06-20,,,,,,,
2017-06-21,,,,,,,
2017-06-22,,,,,,,
2017-06-23,,,,,,,
2017-06-26,,,,,,,
2017-06-27,,,,,,,
2017-06-28,,,,,,,
2017-06-29,,,,,,,
2017-06-30,,,,,,,
2017-07-03,,,,,,,
2017-07-05,,,,,,,
2017-07-06,,,,,,,
2017-07-07,,,,,,,
2017-07-10,,,,,,,
2017-07-11,,,,,,,
2017-07-12,,,,,,,
2017-07-13,,,,,,,
2017-07-14,,,,,,,
2017-07-17,,,,,,,
2017-07-18,,,,,,,
2017-07-19,,,,,,,
2017-07-20,,,,,,,
2017-07-21,,,,,,,
2017-07-24,,,,,,,
2017-07-25,,,,,,,
2017-07-26,,,,,,,
2017-07-27,,,,,,,
2017-07-28,,,,,,,
2017-07-31,,,,,,,
2017-08-01,,,,,,,
2017-08-02,,,,,,,
2017-08-03,,,,,,,
2017-08-04,,,,,,,
2017-08-07,,,,,,,
2017-08-08,,,,,,,
2017-08-09,,,,,,,
2017-08-10,,,,,,,
2017-08-11,,,,,,,
2017-08-14,,,,,,,
2017-08-15,,,,,,,
2017-08-16,,,,,,,
2017-08-17,,,,,,,
2017-08-18,,,,,,,
2017-08-21,,,,,,,
2017-08-22,,,,,,,
2017-08-23,,,,,,,
2017-08-24,,,,,,,
2017-08-25,,,,,,,
2017-08-28,,,,,,,
2017-08-29,,,,,,,
2017-08-30,,,,,,,
2017-08-31,,,,,,,
2017-09-01,,,,,,,
2017-09-05,,,,,,,
2017-09-06,,,,,,,
2017-09-07,,,,,,,
2017-09-08,,,,,,,
2017-09-11,,,,,,,
2017-09-12,,,,,,,
2017-09-13,,,,,,,
2017-09-14,,,,,,,
2017-09-15,,,,,,,
2017-09-18,,,,,,,
2017-09-19,,,,,,,
2017-09-20,,,,,,,
2017-09-21,,,,,,,
2017-09-22,,,,,,,
2017-09-25,,,,,,,
2017-09-26,,,,,,,
2017-09-27,,,,,,,
2017-09-28,,,,,,,
2017-09-29,,,,,,,
2017-10-02,,,,,,,
2017-10-03,,,,,,,
2017-10-04,,,,,,,
2017-10-05,,,,,,,
2017-10-06,,,,,,,
2017-10-09,,,,,,,
2017-10-10,,,,,,,
2017-10-11,,,,,,,
2017-10-12,,,,,,,
2017-10-13,,,,,,,
2017-10-16,,,,,,,
2017-10-17,,,,,,,
2017-10-18,,,,,,,
2017-10-19,,,,,,,
2017-10-20,,,,,,,
2017-10-23,,,,,,,
2017-10-24,,,,,,,
2017-10-25,,,,,,,
2017-10-26,,,,,,,
2017-10-27,,,,,,,
2017-10-30,,,,,,,
2017-10-31,,,,,,,
2017-11-01,,,,,,,
2017-11-02,,,,,,,
2017-11-03,,,,,,,
2017-11-06,,,,,,,
2017-11-07,,,,,,,
2017-11-08,,,,,,,
2017-11-09,,,,,,,
2017-11-10,,,,,,,
2017-11-13,,,,,,,
2017-11-14,,,,,,,
2017-11-15,,,,,,,
2017-11-16,,,,,,,
2017-11-17,,,,,,,
2017-11-20,,,,,,,
2017-11-21,,,,,,,
2017-11-22,,,,,,,
2017-11-24,,,,,,,
2017-11-27,,,,,,,
2017-11-28,,,,,,,
2017-11-29,,,,,,,
2017-11-30,,,,,,,
2017-12-01,,,,,,,
2017-12-04,,,,,,,
2017-12-05,,,,,,,
2017-12-06,,,,,,,
2017-12-07,,,,,,,
2017-12-08,,,,,,,
2017-12-11,,,,,,,
2017-12-12,,,,,,,
2017-12-13,,,,,,,
2017-12-14,,,,,,,
2017-12-15,,,,,,,
2017-12-18,,,,,,,
2017-12-19,,,,,,,
2017-12-20,,,,,,,
2017-12-21,,,,,,,
2017-12-22,,,,,,,
2017-12-26,,,,,,,
2017-12-27,,,,,,,
2017-12-28,,,,,,,
2017-12-29,,,,,,,
2018-01-02,,,,,,,
2018-01-03,,,,,,,
2018-01-04,,,,,,,
2018-01-05,,,,,,,
2018-01-08,,,,,,,
2018-01-09,,,,,,,
2018-01-10,,,,,,,
2018-01-11,,,,,,,
2018-01-12,,,,,,,
2018-01-16,,,,,,,
2018-01-17,,,,,,,
2018-01-18,,,,,,,
2018-01-19,,,,,,,
2018-01-22,,,,,,,
2018-01-23,,,,,,,
2018-01-24,,,,,,,
2018-01-25,,,,,,,
2018-01-26,,,,,,,
2018-01-29,,,,,,,
2018-01-30,,,,,,,
2018-01-31,,,,,,,
2018-02-01,,,,,,,
2018-02-02,,,,,,,
2018-02-05,,,,,,,
2018-02-06,,,,,,,
2018-02-07,,,,,,,
2018-02-08,,,,,,,
2018-02-09,,,,,,,
2018-02-12,,,,,,,
2018-02-13,,,,,,,
2018-02-14,,,,,,,
2018-02-15,,,,,,,
2018-02-16,,,,,,,
2018-02-20,,,,,,,
2018-02-21,,,,,,,
2018-02-22,,,,,,,
2018-02-23,,,,,,,
2018-02-26,,,,,,,
2018-02-27,,,,,,,
2018-02-28,,,,,,,
2018-03-01,,,,,,,
2018-03-02,,,,,,,
2018-03-05,,,,,,,
2018-03-06,,,,,,,
2018-03-07,,,,,,,
2018-03-08,,,,,,,
2018-03-09,,,,,,,
2018-03-12,,,,,,,
2018-03-13,,,,,,,
2018-03-14,,,,,,,
2018-03-15,,,,,,,
2018-03-16,,,,,,,
2018-03-19,,,,,,,
2018-03-20,,,,,,,
2018-03-21,,,,,,,
2018-03-22,,,,,,,
2018-03-23,,,,,,,
2018-03-26,,,,,,,
2018-03-27,,,,,,,
2018-03-28,,,,,,,
2018-03-29,,,,,,,
2018-04-02,,,,,,,
2018-04-03,,,,,,,
2018-04-04,,,,,,,
2018-04-05,,,,,,,
2018-04-06,,,,,,,
2018-04-09,,,,,,,
2018-04-10,,,,,,,
2018-04-11,,,,,,,
2018-04-12,,,,,,,
2018-04-13,,,,,,,
2018-04-16,,,,,,,
2018-04-17,,,,,,,
2018-04-18,,,,,,,
2018-04-19,,,,,,,
2018-04-20,,,,,,,
2018-04-23,,,,,,,
2018-04-24,,,,,,,
2018-04-25,,,,,,,
2018-04-26,,,,,,,
2018-04-27,,,,,,,
2018-04-30,,,,,,,
2018-05-01,,,,,,,
2018-05-02,,,,,,,
2018-05-03,,,,,,,
2018-05-04,,,,,,,
2018-05-07,,,,,,,
2018-05-08,,,,,,,
2018-05-09,,,,,,,
2018-05-10,,,,,,,
2018-05-11,,,,,,,
2018-05-14,,,,,,,
2018-05-15,,,,,,,
2018-05-16,,,,,,,
2018-05-17,,,,,,,
2018-05-18,,,,,,,
2018-05-21,,,,,,,
2018-05-22,,,,,,,
2018-05-23,,,,,,,
2018-05-24,,,,,,,
2018-05-25,,,,,,,
2018-05-29,,,,,,,
2018-05-30,,,,,,,
2018-05-31,,,,,,,
2018-06-01,,,,,,,
2018-06-04,,,,,,,
2018-06-05,,,,,,,
2018-06-06,,,,,,,
2018-06-07,,,,,,,
2018-06-08,,,,,,,
2018-06-11,,,,,,,
2018-06-12,,,,,,,
2018-06-13,,,,,,,
2018-06-14,,,,,,,
2018-06-15,,,,,,,
2018-06-18,,,,,,,
2018-06-19,,,,,,,
2018-06-20,,,,,,,
2018-06-21,,,,,,,
2018-06-22,,,,,,,
2018-06-25,,,,,,,
2018-06-26,,,,,,,
2018-06-27,,,,,,,
2018-06-28,,,,,,,
2018-06-29,,,,,,,
2018-07-02,,,,,,,
2018-07-03,,,,,,,
2018-07-05,,,,,,,
2018-07-06,,,,,,,
2018-07-09,,,,,,,
2018-07-10,,,,,,,
2018-07-11,,,,,,,
2018-07-12,,,,,,,
2018-07-13,,,,,,,
2018-07-16,,,,,,,
2018-07-17,,,,,,,
2018-07-18,,,,,,,
2018-07-19,,,,,,,
2018-07-20,,,,,,,
2018-07-23,,,,,,,
2018-07-24,,,,,,,
2018-07-25,,,,,,,
2018-07-26,,,,,,,
2018-07-27,,,,,,,
2018-07-30,,,,,,,
2018-07-31,,,,,,,
2018-08-01,,,,,,,
2018-08-02,,,,,,,
2018-08-03,,,,,,,
2018-08-06,,,,,,,
2018-08-07,,,,,,,
2018-08-08,,,,,,,
2018-08-09,,,,,,,
2018-08-10,,,,,,,
2018-08-13,,,,,,,
2018-08-14,,,,,,,
2018-08-15,,,,,,,
2018-08-16,,,,,,,
2018-08-17,,,,,,,
2018-08-20,,,,,,,
2018-08-21,,,,,,,
2018-08-22,,,,,,,
2018-08-23,,,,,,,
2018-08-24,,,,,,,
2018-08-27,,,,,,,
2018-08-28,,,,,,,
2018-08-29,,,,,,,
2018-08-30,,,,,,,
2018-08-31,,,,,,,
2018-09-04,,,,,,,
2018-09-05,,,,,,,
2018-09-06,,,,,,,
2018-09-07,,,,,,,
2018-09-10,,,,,,,
2018-09-11,,,,,,,
2018-09-12,,,,,,,
2018-09-13,,,,,,,
2018-09-14,,,,,,,
2018-09-17,,,,,,,
2018-09-18,,,,,,,
2018-09-19,,,,,,,
2018-09-20,,,,,,,
2018-09-21,,,,,,,
2018-09-24,,,,,,,
2018-09-25,,,,,,,
2018-09-26,,,,,,,
2018-09-27,,,,,,,
2018-09-28,,,,,,,
2018-10-01,,,,,,,
2018-10-02,,,,,,,
2018-10-03,,,,,,,
2018-10-04,,,,,,,
2018-10-05,,,,,,,
2018-10-08,,,,,,,
2018-10-09,,,,,,,
2018-10-10,,,,,,,
2018-10-11,,,,,,,
2018-10-12,,,,,,,
2018-10-15,,,,,,,
2018-10-16,,,,,,,
2018-10-17,,,,,,,
2018-10-18,,,,,,,
2018-10-19,,,,,,,
2018-10-22,,,,,,,
2018-10-23,,,,,,,
2018-10-24,,,,,,,
2018-10-25,,,,,,,
2018-10-26,,,,,,,
2018-10-29,,,,,,,
2018-10-30,,,,,,,
2018-10-31,,,,,,,
2018-11-01,,,,,,,
2018-11-02,,,,,,,
2018-11-05,,,,,,,
2018-11-06,,,,,,,
2018-11-07,,,,,,,
2018-11-08,,,,,,,
2018-11-09,,,,,,,
2018-11-12,,,,,,,
2018-11-13,,,,,,,
2018-11-14,,,,,,,
2018-11-15,,,,,,,
2018-11-16,,,,,,,
2018-11-19,,,,,,,
2018-11-20,,,,,,,
2018-11-21,,,,,,,
2018-11-23,,,,,,,
2018-11-26,,,,,,,
2018-11-27,,,,,,,
2018-11-28,,,,,,,
2018-11-29,,,,,,,
2018-11-30,,,,,,,
2018-12-03,,,,,,,
2018-12-04,,,,,,,
2018-12-06,,,,,,,
2018-12-07,,,,,,,
2018-12-10,,,,,,,
2018-12-11,,,,,,,
2018-12-12,,,,,,,
2018-12-13,,,,,,,
2018-12-14,,,,,,,
2018-12-17,,,,,,,
2018-12-18,,,,,,,
2018-12-19,,,,,,,
2018-12-20,,,,,,,
2018-12-21,,,,,,,
2018-12-24,,,,,,,
2018-12-26,,,,,,,
2018-12-27,,,,,,,
2018-12-28,,,,,,,
2018-12-31,,,,,,,
2019-01-02,,,,,,,
2019-01-03,,,,,,,
2019-01-04,,,,,,,
2019-01-07,,,,,,,
2019-01-08,,,,,,,
2019-01-09,,,,,,,
2019-01-10,,,,,,,
2019-01-11,,,,,,,
2019-01-14,,,,,,,
2019-01-15,,,,,,,
2019-01-16,,,,,,,
2019-01-17,,,,,,,
2019-01-18,,,,,,,
2019-01-22,,,,,,,
2019-01-23,,,,,,,
2019-01-24,,,,,,,
2019-01-25,,,,,,,
2019-01-28,,,,,,,
2019-01-29,,,,,,,
2019-01-30,,,,,,,
2019-01-31,,,,,,,
2019-02-01,,,,,,,
2019-02-04,,,,,,,
2019-02-05,,,,,,,
2019-02-06,,,,,,,
2019-02-07,,,,,,,
2019-02-08,,,,,,,
2019-02-11,,,,,,,
2019-02-12,,,,,,,
2019-02-13,,,,,,,
2019-02-14,,,,,,,
2019-02-15,,,,,,,
2019-02-19,,,,,,,
2019-02-20,,,,,,,
2019-02-21,,,,,,,
2019-02-22,,,,,,,
2019-02-25,,,,,,,
2019-02-26,,,,,,,
2019-02-27,,,,,,,
2019-02-28,,,,,,,
2019-03-01,,,,,,,
2019-03-04,,,,,,,
2019-03-05,,,,,,,
2019-03-06,,,,,,,
2019-03-07,,,,,,,
2019-03-08,102.60686561584336,104.21119778316042,101.93341880211608,104.03684005637966,33735579.802022,0.0,0.0
2019-03-11,104.61003951096546,106.8090339667962,104.41790642955465,106.54886665187937,43877826.69028535,0.0,0.0
2019-03-12,106.84559929864155,107.85843281360863,106.16509634710455,107.18032947671465,43932627.12076013,0.0007736308142405932,0.0
2019-03-13,107.76753506170635,109.08398087557833,107.31484384403778,108.05756301215106,44990149.66934669,0.0,0.0
2019-03-14,108.32863159584991,109.02221465199973,107.60798080800483,108.32437570274553,35821722.63553591,0.00608397093431428,0.0
2019-03-15,108.64924306428671,110.64643040156356,108.06921417333997,109.53870209858518,60802724.3790654,0.0,0.0
2019-03-18,109.76888385152434,110.87543437019735,108.89166896440452,109.94119722973619,38525129.0681512,0.0,0.0
2019-03-19,110.54462125138205,111.29389603937499,109.6215863100372,110.44699089415478,47322981.80766954,0.006735214414431304,0.0
2019-03-20,110.39871769194743,111.44276153995021,109.10984560289897,110.12884132265205,44667571.1137817,0.05395472814329009,0.0
2019-03-21,110.07984671034839,113.52918726364395,109.96782563255695,112.97796625071506,66180478.58872636,0.0,0.0
2019-03-22,112.49837919378453,113.04974024492343,110.18246636577126,110.32838558809783,57239819.1218319,0.0,0.0
2019-03-25,109.94228083318255,111.00575370334602,108.78875458787357,110.06749232133491,56044928.29144382,0.0,0.0
2019-03-26,111.26823082936497,112.09762990187443,109.91940523867733,110.97269218656716,62784720.4757885,0.00012855731488059364,0.0
2019-03-27,111.20983546321649,111.6554917584579,109.11696499375894,110.33226935079746,40878236.94965778,0.0,0.0
2019-03-28,110.81220376173705,111.48519078013679,109.79793435546107,110.78918180959342,30046481.75189317,0.000829074757305063,0.0
2019-03-29,111.72926977605502,112.1393661615632,110.85494403406379,111.77594741762393,34411287.30041177,0.0,0.0
2019-04-01,112.98293969559555,113.60215914034032,111.94731336880433,113.28225886882699,38324494.28217371,0.0,0.0
2019-04-02,113.45426012138596,114.06201515186685,112.61726115324673,113.55752088058331,31257634.850215867,0.0,0.0
2019-04-03,114.23887757198769,115.2550256191244,113.47109121951308,114.37530486810502,35812152.60743156,0.0,0.0
2019-04-04,114.28893843143935,114.76471565982553,112.4214547198228,113.57684307646943,28464031.009546626,0.0005493463224095258,0.0
2019-04-05,114.00131392505322,114.59925733105128,113.44292022151133,114.09720434980005,26553313.633245185,0.0,0.0
2019-04-08,113.8617122768826,114.68048363765047,112.94748301499614,114.45361249247999,33923694.13896436,0.015486749499814387,0.0
2019-04-09,113.7398164195958,114.68331127652559,113.28672485303845,113.98835411503828,45136735.818312794,0.00528811730548357,0.0
2019-04-10,114.19402702439673,115.22010008807462,113.83865095226191,114.86229167275246,29749858.0995271,0.006103319057612309,0.0
2019-04-11,115.13263081032018,115.50077343087463,114.15100498012102,114.74563454115773,28133403.47488532,0.0,0.0
2019-04-12,115.28381723665903,115.9344385810782,114.45969262577749,115.48707772218174,36811539.673511274,0.0,0.0
2019-04-15,115.50645613460485,116.01900735625047,114.55080047995634,115.31224901639567,24965869.843548518,0.0,0.0
2019-04-16,115.85671299905195,116.57058751668391,114.71183597731202,115.67692440685795,35120402.144031174,0.0,0.0
2019-04-17,116.1893667944031,116.94213629067679,115.05358696130813,116.11582611797172,41148323.20552538,0.0,0.0
2019-04-18,116.367595322958,117.0062587802337,115.2271712208324,116.42608156309015,35564800.82744595,0.0,0.0
2019-04-22,115.87363141891085,117.20868866981027,115.47804304789118,116.90174127373099,26884217.45726276,0.0,0.0
2019-04-23,117.22051101983061,118.63913354346091,116.70980942489606,118.21095083645794,34066366.777481325,0.0,0.0
2019-04-24,118.32751811227489,119.12056747525148,117.4384717458421,118.14499065782316,29445820.709329497,0.0,0.0
2019-04-25,119.29402052205721,120.19236120475026,117.78606817181205,118.79758286529406,32267221.951788723,0.0,0.0
2019-04-26,118.21696429926807,119.18451491052782,116.80751289310606,118.73176653514746,30528728.57635342,0.0,0.0
2019-04-29,118.89799037000083,119.85924645312302,118.24524999232578,119.0078293729186,31397539.807044007,0.0,0.0
2019-04-30,119.16496216904528,120.48498019298337,118.37840417185379,119.76764916729537,58692443.33250275,0.0,0.0
2019-05-01,120.75165648569693,121.51606479270313,118.59946211496907,118.82951894036663,78862651.45993753,0.0,0.0
2019-05-02,118.66022825838806,119.70447659503772,117.08893241040843,118.14155206584046,44452038.02246473,0.0,0.0
2019-05-03,118.7382835053377,119.87934338858548,118.08194891807867,119.38568760865994,31204771.37896545,0.014078961840042361,0.0
2019-05-06,116.27566231270052,118.88998126821502,115.74667522162767,118.59125526878388,43672425.641631655,0.009253979452703849,0.0
2019-05-07,117.25094519093163,117.84073648920933,114.8461921212796,116.11777252205881,53410727.86343176,0.0,0.0
2019-05-08,115.7558155273908,117.22824691242917,115.12731108944733,116.10330815230361,38123749.05221794,0.0,0.0
2019-05-09,114.70849349556555,116.09448817922043,113.30498876820518,115.62427248650147,48179408.57299166,0.02457704460162497,0.0
2019-05-10,114.90809672137938,116.87512859185465,113.24018920245459,116.16571348886728,54920227.493245706,0.05062474023396701,0.0
2019-05-13,112.8941095119971,114.03215797434402,111.2696250565314,111.91101274068784,73453937.24308851,0.0,0.0
2019-05-14,112.5385423537298,114.79747657208111,112.24740307884899,113.89950637159758,48468527.825811885,0.005331939056121501,0.0
2019-05-15,113.20272412129515,115.7870119404379,112.82139183666081,115.15379133059209,37200033.02532291,0.09915650230994076,0.0
2019-05-16,115.23603629459451,117.33538886201885,114.71922085677829,116.37621993357153,46171001.0300378,0.01543979246363926,0.0
2019-05-17,115.30719398925187,117.04525230431518,114.60533409222685,115.21684735789631,44910100.508710474,0.0,0.0
2019-05-20,113.34252239157045,114.46519662186493,112.1445654530725,113.17568939156676,50650193.14056412,0.0025338620928048164,0.0
2019-05-21,114.40979627228984,115.13667373916999,113.69452987333635,114.42817036314398,37122267.130393244,0.0010517566614597212,0.0
2019-05-22,113.7360072773737,115.23094396944701,113.33997149678059,114.19570992808374,38668643.38421707,0.001485227999251489,0.0
2019-05-23,112.84196756737758,113.24407234591051,110.80940990737443,111.95227728069612,48758163.64835987,0.0001136264976901558,0.0
2019-05-24,112.70580357316537,113.5908334551599,111.52783676581595,112.0507868613859,31645481.784379255,0.0,0.0
2019-05-28,112.47036846619883,113.81278636641024,111.50389915157359,111.96423282225997,41090948.912240855,0.0,0.0
2019-05-29,111.18968146338558,111.98459764032052,110.1190882993596,111.1049553741823,39864041.57106671,0.0011293950198600201,0.0
2019-05-30,111.39696190187165,112.17351055670485,110.6720685201939,111.56550335021451,29446918.610708196,0.010752893787520942,0.0
2019-05-31,110.28529416766244,111.27609701826316,109.51491283620194,110.00117117229173,38276358.58719311,0.00020071388277029435,0.0
2019-06-03,110.24451076263017,111.16358221302893,106.43951512172967,107.39844165719134,56620960.10606799,0.0,0.0
2019-06-04,108.7882689835605,111.19741415538036,107.80516865793015,111.08043263963572,44308473.28174719,0.00014208966381539298,0.0
2019-06-05,112.58611464003731,113.54974468044016,111.088033688591,112.73895437215069,41146287.2308051,0.01098976419700072,0.0
2019-06-06,113.03581688468161,114.43877537525074,112.23080501900769,114.0751651709824,33300220.46048352,0.000842246500938759,0.0
2019-06-07,114.88275609569588,117.35823243157098,114.37177458577821,116.41104062311813,43956647.020475015,0.00013501183970752987,0.0
2019-06-10,117.51019154794359,119.09170151929463,116.9485926763293,117.61519006560147,37748147.302259326,0.0,0.0
2019-06-11,118.94899606046624,119.38154969048544,116.1824445255722,117.2970559226917,37423384.15641499,0.0075088452286718975,0.0
2019-06-12,116.80248837904733,117.52595588321996,115.93873012995508,116.76393870510456,26237488.976452064,0.0,0.0
2019-06-13,117.26563206910045,117.98638210469794,116.2161387601663,116.94156813746343,29814278.38224439,0.012498670866346734,0.0
2019-06-14,115.8377477752062,116.96614345273885,115.08071189451776,116.01170965708212,27356770.320151247,0.0,0.0
2019-06-17,116.15285514839302,117.08032892050369,115.54270942155408,116.17359726671975,22088800.978730697,0.0,0.0
2019-06-18,117.42388531234742,119.17535248453024,116.35345075548015,118.15604000811982,38619631.99814698,0.0,0.0
2019-06-19,118.718554776249,119.62561252336756,117.70027070442883,119.06785239919994,31800423.54230814,0.0,0.0
2019-06-20,120.77667820045359,121.7883943001692,119.5117841444187,120.83349171582071,35175962.84423683,0.0,0.0
2019-06-21,120.45570702233736,121.55881867690684,119.81924498435485,120.17295901498602,64474078.94897716,0.05395472814329009,0.0
2019-06-24,120.47367582782677,121.33445999326841,119.84254394744563,120.48638094157269,27034192.798308693,0.0,0.0
2019-06-25,120.4866385868852,120.99124484706574,117.55060102765219,117.94934426000523,33472892.192222066,0.0,0.0
2019-06-26,119.07294713015825,120.49643263357554,118.37632549033405,119.11812386213887,37378741.6787348,0.0,0.0
2019-06-27,119.68534829266565,120.61709533822085,119.04030768017715,119.80707978652185,29490064.04259008,0.000829074757305063,0.0
2019-06-28,120.24680775523976,120.79702684577043,119.12516823942397,120.18505930010217,45125667.670089476,0.0,0.0
2019-07-01,123.0204550867006,123.65231314824301,121.09329912885637,122.0327091913886,38577188.36548209,0.0,0.0
2019-07-02,122.00955166251238,122.83578018918975,121.17659376177804,122.34440816026628,24506100.22873694,0.0,0.0
2019-07-03,122.4422952344228,123.39881715274659,121.89291052185402,123.10269244720737,17159516.377974093,0.0006592155868914308,0.0
2019-07-05,122.10599520161362,123.07612600021014,121.20856715468966,122.74528047690339,25073245.19285522,0.0,0.0
2019-07-08,121.88332210794368,122.47236513784088,120.90021164828238,121.92956176613528,33722025.756617256,0.015486749499814387,0.0
2019-07-09,121.219299704638,122.68716454190383,120.9276077492035,122.36234364723974,29440362.92753734,0.00528811730548357,0.0
2019-07-10,123.00492656247562,124.32430380965091,122.62288782514362,123.35196118085662,27926028.071021207,0.0,0.0
2019-07-11,123.83799700773375,124.77893205735602,123.05693311484578,124.04526857360038,30033982.411097046,0.0,0.0
2019-07-12,124.43917614109259,125.30029358858958,123.5591514988159,124.87385391564304,26230266.83882329,0.0,0.0
2019-07-15,125.36471855313357,125.82753617948775,124.48999958214401,125.16426560032582,24678665.367065027,0.0,0.0
2019-07-16,124.94100990688364,125.43047691790753,123.42523462523769,124.01259291886991,26172957.157031074,0.006103319057612309,0.0
2019-07-17,124.32900740546174,125.0477654619643,123.42348756159971,123.90954711553945,22234812.375802185,0.0,0.0
2019-07-18,123.68567945861813,125.13739261367004,123.09013774876613,124.69217937020755,29844913.356924746,0.0,0.0
2019-07-19,126.05200328379196,126.48542480394778,123.73143063548933,123.97093833178326,36430791.76651823,0.0,0.0
2019-07-22,124.6359519695988,126.11718944297267,124.28834531129478,125.49537631441216,32261039.980320595,0.0,0.0
2019-07-23,126.27602724903355,126.77511511239966,124.93307555831402,126.21580820885512,26681183.365912423,0.0,0.0
2019-07-24,126.13120607989933,127.71964670209864,125.5005781759932,127.46676515695023,24289310.626777682,0.0,0.0
2019-07-25,126.92114223211891,127.39002069823412,125.38540405954829,126.26912621011306,22639758.940880682,0.0,0.0
2019-07-26,126.745941441991,127.92122774619925,126.34463287383673,127.2212054665331,26397292.10142644,0.0,0.0
2019-07-29,127.32456297969453,127.78761206153618,125.50900907023366,126.90522666661825,30176187.6852837,0.0,0.0
2019-07-30,126.06916964526182,127.17884751072577,125.18881745977897,126.09440727332237,42858138.300617374,0.014078961840042361,0.0
2019-07-31,126.61152683403017,127.25791916854645,122.36818120395806,123.83347165862953,87202203.02072911,0.0024408876675016543,0.0
2019-08-01,124.16425764797148,126.96066513545416,122.46170487931603,123.51007677715123,71085754.20659795,0.0,0.0
2019-08-02,122.61855390897541,123.21179801169797,120.03866652080869,121.5351582463901,54370203.27995533,0.0,0.0
2019-08-05,118.08839554938533,118.8127933411153,115.14740614957532,116.36877520970624,70688839.95798106,0.0,0.0
2019-08-06,118.09988349025654,119.46149345228555,116.90264910585539,118.46990538112101,49234922.72839642,0.010522518188565779,0.0
2019-08-07,117.41605733472487,120.04919043501224,116.34459687482622,119.56082277140563,46845853.54675574,0.0,0.0
2019-08-08,120.63931343104299,122.8055225448427,119.86772352155913,122.61094116094986,39917408.25158292,0.02457704460162497,0.0
2019-08-09,122.00497866117549,122.84540007351808,120.29671908001848,121.38175911152472,35648820.86983185,0.05062474023396701,0.0
2019-08-12,120.55138901056742,121.4842628564693,119.09364508115195,119.70864681624583,32095453.254224245,0.0,0.0
2019-08-13,119.61978311821257,123.17193391324382,118.9252625860122,122.47683630557522,59933392.15216822,0.0,0.0
2019-08-14,120.3191204283515,121.17909598078884,118.1411307196993,118.64327461554717,50535966.905808724,0.10077901496269868,0.0
2019-08-15,119.16239141217773,120.05195831306273,117.5191520246146,118.90725518980916,38711160.66966547,0.01543979246363926,0.0
2019-08-16,120.52647875842872,121.89559990458403,120.00123233195173,121.26459867053018,38988791.45461268,0.0,0.0
2019-08-19,123.11849332758813,124.01725420169036,121.97429585063051,123.21464219134788,34999202.78596436,0.0,0.0
2019-08-20,123.11154998199787,123.9150619707499,122.11098491805353,122.57203425951946,36032714.543270886,0.0013122711474043522,0.0
2019-08-21,123.88039470175744,124.95606456609603,123.26467907842641,124.30443803905035,28786840.232360628,0.0025369846607112105,0.0
2019-08-22,124.54654072739554,125.11366348663235,122.52519639695352,123.8200174738638,30544948.54061014,0.0001136264976901558,0.0
2019-08-23,123.2806984187637,124.57041655011676,119.16495303889248,119.78512649629062,62633687.88529702,0.00013501183970752987,0.0
2019-08-26,121.23930940699775,121.95853734455545,120.21762159431353,121.60581258986295,35101220.44878021,0.001414473726253169,0.0
2019-08-27,122.36415412266949,122.86997934261963,120.60734984385668,121.485417463785,35376315.55226992,0.0,0.0
2019-08-28,120.64433170640054,121.85516453627693,119.43767798688064,121.3188611952779,23404375.701171618,0.007963213510046318,0.0
2019-08-29,122.92186094032674,124.00680769262122,122.31671117225747,123.48122026831474,29336070.791425608,0.003968179428632906,0.0
2019-08-30,124.2589727351076,124.61786561926944,122.2120572968559,123.35932447656386,30201443.958333246,0.0,0.0
2019-09-03,122.48064900749048,123.26455916575478,121.24227677987302,121.89487787368596,27971470.89902652,0.00034280354658568733,0.0
2019-09-04,123.21196400547548,124.26396802418867,122.59780228781736,123.97541856796036,27153916.632773194,0.0,0.0
2019-09-05,125.66556013062768,127.3446993978292,125.0283919123302,126.7048197297898,35338700.4190609,0.000842246500938759,0.0
2019-09-06,126.8003707093769,127.40637319893837,125.54982614960286,126.23887066354943,28240125.37103291,0.0,0.0
2019-09-09,126.93594073681146,127.53150509509437,123.47841586057662,124.72957980845598,38409343.28270261,0.0,0.0
2019-09-10,123.99050535358782,124.81131133301511,121.56617503383302,123.49649028444165,44507121.76766591,0.0007728996164701668,0.0
2019-09-11,123.86227606874087,125.1400612316928,122.71304660591146,124.14598084341777,56002083.89259003,0.01098976419700072,0.0
2019-09-12,125.34144216177252,126.52754665208403,124.36423043999673,125.1550456202333,44223786.31100168,0.012060004163485008,0.0
2019-09-13,124.97690147340802,125.46282768570822,123.30251427302707,124.29098419558677,50402471.73155186,0.0005907293391313184,0.0
2019-09-16,123.21101837421607,124.64533250063705,122.80472074902568,124.05775019075978,28805720.360052295,0.0,0.0
2019-09-17,124.32089710700457,125.26298549539455,123.46639682518774,124.74571146776819,26172154.847303133,0.0,0.0
2019-09-18,124.53877289222058,125.30281126452172,122.57570853511255,124.69372087387126,35163806.19767016,0.0,0.0
2019-09-19,125.19869467446107,126.55629817079631,124.52863010793595,125.21966950296734,33848170.8444071,0.0,0.0
2019-09-20,125.3946927649045,126.01312259691719,123.01369542699634,123.66985139686501,73399679.20602039,0.05395472814329009,0.0
2019-09-23,123.46444091819703,124.64874667925946,122.93164347223346,123.96898362399135,27079708.860860094,0.0,0.0
2019-09-24,124.89765545425637,125.52766946381486,121.94437679893129,122.6213285421853,43728901.08902393,0.0,0.0
2019-09-25,122.3197401388597,124.40634552246749,120.98582610366921,124.035776737341,31365186.30447755,0.0,0.0
2019-09-26,124.06990335356926,125.01338894193722,123.14879310941846,124.37092688862295,26811599.631242026,0.0,0.0
2019-09-27,124.66658151100525,125.09295354906239,121.34051006199773,122.41159355589629,35596541.380321145,0.0,0.0
2019-09-30,122.9188081025859,124.08918650949694,122.23012605246022,123.49461998850168,34951302.57174232,0.007041360524178181,0.0
2019-10-01,124.10644914719886,125.23869493408385,122.32815910709074,122.6938103716219,44836261.0724628,0.0,0.0
2019-10-02,121.81341126767393,122.0855439885637,119.35490621277012,120.36004411110473,46900546.983072594,0.0,0.0
2019-10-03,120.37689147236134,122.51987924765989,118.87942853687034,122.27148030130404,38932548.91041115,0.001488290344196494,0.0
2019-10-04,123.14169051056987,124.72036317555545,122.56797982571096,124.45263204710015,44347767.86944396,0.0,0.0
2019-10-07,123.92523867017773,125.06023325126728,123.4453677729462,123.88725186249394,38385534.89837203,0.0,0.0
2019-10-08,123.05199252525615,123.69858999066082,121.32815116757988,121.60110648076272,38377071.83360404,0.015486749499814387,0.0
2019-10-09,123.0096485389695,124.12092092538342,122.49006781204228,123.5052952523915,26598066.794540837,0.012066515168051229,0.0
2019-10-10,123.45843663724271,125.08363839704022,123.13905310584757,124.34253656895818,36336217.16428695,0.0,0.0
2019-10-11,125.8202335313033,127.51977288294917,125.35403821532064,126.02714827116309,53614147.87014901,0.0,0.0
2019-10-14,125.96151148105855,126.78112444016202,125.51091323119707,125.97517260605136,30932724.39242842,0.0,0.0
2019-10-15,126.51226250809451,128.3395260743847,126.07442941060322,127.67512117984099,30515093.2044934,0.0,0.0
2019-10-16,126.50255837771778,127.23101491001681,125.29110128710312,126.39436473536449,27160897.94946156,0.0,0.0
2019-10-17,126.90153117302931,127.5267018690137,125.26776905276768,126.00029034049417,25284406.855429046,0.0,0.0
2019-10-18,125.89820753122044,126.45592182650307,123.35560608656961,124.33728342071959,36055095.31182309,0.0,0.0
2019-10-21,125.08928886316666,126.00248055552218,123.9960525053069,125.57465301919216,30207674.550475627,0.0,0.0
2019-10-22,125.97097268894856,126.76759902672153,122.94354264083523,123.1789603306761,31003595.878624704,0.0,0.0
2019-10-23,122.78039820834809,123.96705327906707,121.75265349484793,123.15878971744075,30119163.05974995,0.0,0.0
2019-10-24,124.93495363828684,126.53268429798493,124.08240262313703,125.83070708595112,30035035.52415216,0.0,0.0
2019-10-25,125.63346171316606,127.82359278554037,125.20655308845059,127.2658005821124,29803998.930836923,0.0,0.0
2019-10-28,128.63168312475847,129.74953759781803,127.78935757194063,129.01595606728748,36991431.274694465,0.0,0.0
2019-10-29,129.02502662677242,129.68289642663999,127.29946582141199,127.69385631985367,45545946.934300445,0.0,0.0
2019-10-30,128.19862956271555,129.36284540759976,126.99256793474828,128.8692393225159,39868541.38131986,0.016455929423426136,0.0
2019-10-31,129.056120545164,129.69847450849267,126.91279238027018,128.54709169389022,45592547.90210767,0.0024408876675016543,0.0
2019-11-01,129.07726150241285,130.47066376484733,128.21880430027497,129.80233344567878,50324811.03115664,0.0,0.0
2019-11-04,130.84389100954522,131.62559927671106,129.4271484190882,130.3371707809567,34767107.991605885,0.0,0.0
2019-11-05,130.96317943907894,131.61688201881296,129.05766614368176,130.1092217913074,29194306.86999216,0.0,0.0
2019-11-06,130.01693636538332,130.5951078739699,128.87869510653744,129.9126186274607,27197670.368639443,0.009253979452703849,0.0
2019-11-07,130.51273472414726,132.09634863117512,129.77452528865956,130.81283230831994,32843258.214275338,0.07520178483559198,0.0
2019-11-08,130.4364720267537,131.8518898614176,129.7646364797036,131.60424512596322,24667463.604971077,0.0012685387358619302,0.0
2019-11-11,130.96387522195275,132.2914431750854,130.38342013182572,131.80458124178418,27163860.901807245,0.0,0.0
2019-11-12,132.07525533382477,133.1836566870089,131.48811219255973,132.32410659511416,30091944.05026789,0.0,0.0
2019-11-13,131.89502655343304,133.17242820095242,131.28033010894865,132.60925856297385,33974098.56129712,0.0,0.0
2019-11-14,132.3344422584576,133.32921688919384,131.64582874793066,132.90107033779356,31356269.35091942,0.019209709684468168,0.0
2019-11-15,133.65440098001474,134.4857650405471,132.42542499403402,133.85670247220799,36072756.70954836,0.0032765249071024932,0.0
2019-11-18,133.73033134143142,134.93940071971053,132.90630983795384,134.42423984741623,31121173.107316505,0.0010517566614597212,0.0
2019-11-19,135.06899957040048,136.14405301415192,134.00826781736623,135.09589827853756,29539845.20419192,0.0,0.0
2019-11-20,134.88875376687417,135.97739693679037,133.29502546443004,134.62068032510922,37876907.67603627,0.11132904420168888,0.0
2019-11-21,134.33268420342492,135.046973370273,133.22237994144743,133.9925932632608,39593945.87363784,0.0,0.0
2019-11-22,134.35726925415807,134.83416363014817,132.9384604449512,133.7828435485864,23647763.235712152,0.00022501973284588312,0.0
2019-11-25,134.5207055245328,136.27689628899836,134.27322458665847,135.89359737769917,30337153.971849944,0.0001136264976901558,0.0
2019-11-26,136.0089721022544,137.0062292907828,135.19378512896364,136.1565269213909,37206273.303077325,0.0011784991511582816,0.0
2019-11-27,136.58092460025262,137.42126910228697,135.84290320802054,137.0340095151137,23544777.734803,0.006784714358888036,0.0
2019-11-29,136.6068000376969,137.25411394042084,135.98280948250658,136.57393044680194,16498384.736164331,0.00020071388277029435,0.0
2019-12-02,136.60204149604434,136.85237833144203,133.3620554921218,134.36412881217655,34167459.32250972,0.001414473726253169,0.0
2019-12-03,132.14574331095469,133.97273331983018,131.3533246659914,133.63543500753863,39099171.93075115,0.00014208966381539298,0.0
2019-12-04,134.51301051382177,135.03493968725488,133.43808690190562,134.0637128827598,24996027.744704336,0.01098976419700072,0.0
2019-12-05,134.49756213362505,135.16909794350326,133.62630129891863,134.56623644279873,26183473.94278502,0.004128467201470608,0.0
2019-12-06,135.62914216178117,136.5017902301324,134.88412589516722,135.97267757414215,34784764.322159775,0.0,0.0
2019-12-09,135.7571045055383,136.65719492794247,134.93028991233575,135.46138143823808,40285771.775707856,0.0,0.0
2019-12-10,135.61984640318894,136.37934036471404,134.72716786783937,135.34530401902794,30423755.035677094,0.007885285388957731,0.0
2019-12-11,135.6629222299158,136.60260539426483,134.8170175610061,136.21677445925803,28013876.079346195,0.0,0.0
2019-12-12,135.81437046997908,138.09577614537167,135.22334305394867,137.60823991312554,46383098.529039755,0.01436895643228637,0.0
2019-12-13,137.4769460572293,139.65887110198076,136.82027195377756,138.81810529614827,45077654.22461054,0.0005907293391313184,0.0
2019-12-16,139.68020971518393,141.10566251623538,139.24359776633796,140.17181837205277,43173551.2150375,0.0,0.0
2019-12-17,140.38903554603047,140.92986329917662,139.09546249413256,139.92313766557825,39507086.605561696,0.0,0.0
2019-12-18,139.8997260047452,141.10204967544104,139.4502302064441,139.88681332526687,39711602.99715413,0.0,0.0
2019-12-19,139.8781571066709,141.29520936174575,139.41753456645546,140.90569425250638,34995359.71373623,0.0,0.0
2019-12-20,142.04909059486013,142.7642694701731,140.70185396088578,141.8135634532014,90843367.10745369,0.06617089300592181,0.0
2019-12-23,142.24723773367992,142.90087816242075,141.434955928746,141.96204752929097,33233595.404875673,0.0,0.0
2019-12-24,142.08548145116103,142.49357005849848,141.50412250603878,142.0612317624542,16161060.446381966,0.0,0.0
2019-12-26,142.27016320232886,143.3298901951529,141.91023832313877,143.03712549186545,30018570.173616067,0.0,0.0
2019-12-27,143.57801820723188,143.98700457508957,142.27837932190945,143.06269655596444,44818726.61104409,0.0,0.0
2019-12-30,142.941886716675,143.27550750401778,140.7587066029581,141.9559248374911,43884881.06032829,0.0,0.0
2019-12-31,141.30030243532488,142.64750109530377,140.98342426218747,142.46680427583365,32862542.083886422,0.0,0.0
2020-01-02,143.53024609963143,145.24098342958843,142.93892263213036,145.03191330943426,44424108.1413198,0.001488290344196494,0.0
2020-01-03,142.93258847272216,144.6370634826298,142.50879170428766,143.440927233188,46280549.5828437,0.0,0.0
2020-01-06,141.91153414582678,143.979961365278,141.37902333736758,143.81835795883987,39124988.36108669,0.0,0.0
2020-01-07,144.15850453801946,144.97301237529817,142.91896034483327,143.612278285367,37093590.35073922,0.0,0.0
2020-01-08,144.0051154831094,146.14721756855727,143.3717612848495,145.31486013151036,44339614.101885095,0.0248751366331449,0.0
2020-01-09,146.72715930370717,147.67284626767724,145.7373438274803,146.90939051500195,53053493.04001273,0.00596319611043892,0.0
2020-01-10,147.66608799582912,148.22148218937105,146.16187145310693,146.68129542340773,44626810.00849987,0.0,0.0
2020-01-13,147.3547813974858,149.05410994772532,146.97608385883214,148.73105417832926,40166808.30364544,0.0,0.0
2020-01-14,148.87846220337522,149.43510273214042,147.2080845644385,147.81090267823515,51101028.97767283,0.0,0.0
2020-01-15,148.08728331091058,149.42778978091835,147.20040042557244,148.16213781182702,40173785.594252735,0.0,0.0
2020-01-16,149.27032817971823,150.45370882939764,148.57345629072145,150.24251989410647,37531967.28524304,0.0,0.0
2020-01-17,151.0162972256938,151.8469460588351,149.70765320120208,151.56642690965944,48154264.30571341,0.0,0.0
2020-01-21,150.9648775190067,152.6064816268391,150.54357835156378,151.40499706636027,40002889.127187334,0.0,0.0
2020-01-22,152.4334355135125,153.60278658870612,151.53014697004548,151.94655803808942,35772772.56287097,0.0,0.0
2020-01-23,152.29098956699187,153.1234921552056,150.95720729695344,152.69808190168487,35959796.712628506,0.0,0.0
2020-01-24,153.85832181047965,154.62699223485492,151.008229067697,151.828142524793,49869546.54709884,0.0,0.0
2020-01-27,147.85172846540962,149.83469969142908,146.30495496782305,148.3002339664676,53607700.01132761,0.0,0.0
2020-01-28,149.4075010149226,151.74072919346355,148.7854579532781,151.21339942785445,51946782.72307676,0.0,0.0
2020-01-29,152.46511956754384,153.3960934996189,150.42940690404535,151.72276154933212,68487048.99928282,0.0,0.0
2020-01-30,152.37125293142708,154.23592372282096,150.83585902040952,153.68843686864886,48482146.847877815,0.016455929423426136,0.0
2020-01-31,152.66920084722068,153.18895719149376,148.82772176665765,149.62043272827887,65357921.56714388,0.0024408876675016543,0.0
2020-02-03,149.80526703208264,152.77544837109292,149.4094310294538,151.96881348568996,55942113.79432769,0.02160189435320478,0.0
2020-02-04,154.50015447155613,156.6552179245566,153.574507275926,155.93589179360606,47548479.54652837,0.0,0.0
2020-02-05,158.52509219751695,159.13531454239842,154.68477686945093,156.36053454456112,43571185.28851658,0.0,0.0
2020-02-06,156.93630072807312,158.42548512432057,155.7738383077669,157.92986037065305,37130631.2695547,0.009694645140927842,0.0
2020-02-07,157.08237063828858,158.35870791842422,155.84289528607007,156.77822969298262,41314417.136487454,0.07520178483559198,0.0
2020-02-10,156.03496912832796,159.40402850983708,155.723603804053,159.24739134765326,40145963.269046664,0.002683012462115099,0.0
2020-02-11,160.7020187250943,161.40854804702792,157.65612091830798,158.56307675274465,40354721.92609171,0.0,0.0
2020-02-12,159.31536449576623,160.8816780721907,157.9787531128263,160.29268832075223,43525569.32638706,0.0,0.0
2020-02-13,159.19340048527113,161.5448043306991,158.79163629311796,160.1745316579851,36226878.99571819,0.01852775095636711,0.0
2020-02-14,161.0415734418371,162.7354587208352,160.08993017856324,161.9092587601137,29923673.10599026,0.0011569323276056933,0.0
2020-02-18,160.8463771411687,162.7020251844569,160.12101951449313,161.87170836567188,49852927.555719666,0.001485227999251489,0.0
2020-02-19,163.1579877768169,164.91439255410623,162.41278650188084,164.06715470999873,34762565.63124428,0.10852795961473959,0.0
2020-02-20,163.71747005493006,164.64138559227302,159.4135446728946,162.1433401976832,38998457.418478176,0.0045923814948003,0.0
2020-02-21,161.0966911014421,161.59665347072405,156.85796266587644,158.24828319533813,49314266.17432381,0.00022501973284588312,0.0
2020-02-24,149.9311942212724,154.24964784287565,147.1263283052839,151.2540340113007,78969227.42017935,0.0,0.0
2020-02-25,152.65119374885487,153.510357048703,145.33637661731424,146.1354169937611,82542152.46333216,0.0,0.0
2020-02-26,146.77440130638465,150.52715624564797,145.5117198937673,146.96188462761904,70076018.43796407,0.0011784991511582816,0.0
2020-02-27,141.78913813296916,145.68090334964964,138.52217136625057,139.26937282797903,112105164.06575969,0.01130793717152095,0.0
2020-02-28,133.863048719243,142.71688902930444,133.17533337082943,141.53257836778067,58443703.33761757,0.00021127777133715198,0.0
2020-03-02,144.26594363631378,149.80098677011995,140.99568042188483,149.46182778643052,45117455.3155026,0.0,0.0
2020-03-03,150.46702755484392,151.7379853911721,141.91430255673524,143.5105278079796,44131704.90378865,0.0,0.0
2020-03-04,146.5955725343894,150.115309870284,144.3386722023341,149.91216236180313,30562400.607714575,0.01098976419700072,0.0
2020-03-05,146.12391264053832,149.03060630125609,143.90397392042001,145.02816821020778,28005363.577830613,0.0009558729986289148,0.0
2020-03-06,140.9743221623076,143.18212742763797,137.44570754010368,141.72980413748527,37228316.87465157,0.0,0.0
2020-03-09,131.16832750794148,137.39828055403405,129.37304995444381,130.91846779380364,41640243.30603975,0.0,0.0
2020-03-10,136.67598871786103,140.09938731432163,131.59211087940577,139.82821992416152,39589962.52458883,0.0008439248647795507,0.0
2020-03-11,136.16026198180853,137.38914332009816,130.96885634480512,133.17843529267182,35765456.93626994,0.0,0.0
2020-03-12,123.6824251066554,130.97356023247795,119.2316894305753,120.073392499967,57136199.47295505,0.01436895643228637,0.0
2020-03-13,127.67901049446111,135.87689644503172,121.52141608510713,134.85703103590427,52599337.33498915,0.0005907293391313184,0.0
2020-03-16,118.14301354839309,126.95537335575989,113.74193308517391,115.57037490222523,48781421.638827614,0.0,0.0
2020-03-17,118.42423689404615,125.82270352784693,113.76526142660404,123.46519308332289,47474624.25945609,0.0,0.0
2020-03-18,115.52752138995557,120.63969061251775,109.077256492766,116.90640323375362,105601792.36592078,0.0,0.0
2020-03-19,116.856139319433,123.87895279703505,112.58995797398842,118.84999240258261,97497275.14674923,0.0,0.0
2020-03-20,121.3442419773273,123.90588107532571,112.48353177013192,113.51422772277074,132427846.96743576,0.06617089300592181,0.0
2020-03-23,112.68751490405938,116.11500241124851,107.8742288551888,112.40745073129932,114156914.057408,0.0,0.0
2020-03-24,119.06389176290939,126.22165064634626,116.92938988784576,124.4799620442664,102259343.18901283,0.007183450187993574,0.0
2020-03-25,125.7008836092035,131.50699147367243,121.73314521450264,125.03922772325838,104072681.21676311,0.0,0.0
2020-03-26,126.39772497765726,133.30765453866812,125.50038068154754,132.40707838830494,87333380.14774282,0.0,0.0
2020-03-27,128.032633321129,131.1084118792711,125.06907056316135,126.33469412324575,72069974.60224529,0.0,0.0
2020-03-30,127.62877771112748,132.75278476267985,126.33063568042404,131.99633542664668,63546217.94445375,0.0,0.0
2020-03-31,131.6751768190706,134.98554825699262,128.42642220604378,129.69166257292085,76135253.27361219,0.0,0.0
2020-04-01,125.25493427683988,128.14798732874877,121.96187248057896,123.23685068252938,64822329.357068904,0.0,0.0
2020-04-02,122.66067876913455,127.0602170689555,121.3810278397949,126.24881474386116,60061208.35981468,0.001488290344196494,0.0
2020-04-03,125.60268495989321,127.21008654368896,122.00556823600738,123.84566842419306,48059716.690377004,0.0,0.0
2020-04-06,129.6428116968824,135.94074298134188,128.02131586185396,135.15009695301097,73940916.88050056,0.0,0.0
2020-04-07,139.78515718917564,140.54424954883237,132.62595245515888,133.22403396722834,73639887.58341481,0.0,0.0
2020-04-08,135.06198847216928,137.79104260801864,133.3877903357349,136.8935804117634,59818503.31465338,0.0248751366331449,0.0
2020-04-09,138.25333465908568,139.58198565449518,134.96409198918053,136.6285158919314,59646457.99959305,0.00596319611043892,0.0
2020-04-13,135.84108438286182,137.78222471745318,133.38489948502206,136.9359354212585,48112373.56980707,0.0,0.0
2020-04-14,140.0955042631031,143.73602677304083,138.9841294601165,142.99235003134882,67733188.84265538,0.0,0.0
2020-04-15,139.97881153129435,141.62141154981285,137.9856098088007,139.73432022213447,48170236.33240916,0.0,0.0
2020-04-16,141.58302937946317,143.45904894933403,138.79592328820843,141.60373810498803,58527884.381272756,0.0,0.0
2020-04-17,144.2528097886964,145.314034682812,140.90349814242725,143.78302883143564,73538055.1837912,0.0,0.0
2020-04-20,141.74706941886598,143.90471763637765,140.2590126367466,141.10842823372388,46886394.737034716,0.0,0.0
2020-04-21,139.3653598920713,140.10567502410197,134.0849852846705,135.3713209551532,65723148.729072236,0.0,0.0
2020-04-22,138.68775503049352,141.71425335228642,137.70103347842974,140.8766137154352,43105685.498051144,0.0,0.0
2020-04-23,141.27720023525313,143.22331753213277,139.38104115471575,139.8455797133209,44592222.48234015,0.0,0.0
2020-04-24,140.59827044861504,143.0335666549636,139.03496486389764,142.70610664697884,45549784.48984161,0.0,0.0
2020-04-27,143.94554627649728,145.76522632573025,142.5710451487237,144.2400835033363,42079748.37095104,0.0,0.0
2020-04-28,146.21085620382058,146.81870355644838,141.26749504357974,141.77322921122638,41463803.85521679,0.0,0.0
2020-04-29,145.14102874884554,148.95141899276678,144.0606227122399,148.19555088463662,52892769.70548605,0.0,0.0
2020-04-30,148.1934236560757,149.74173541712676,145.72966599520763,147.76106406599936,64522665.05139884,0.0,0.0
2020-05-01,144.44648896343287,147.20629375617028,142.5607113190325,143.60496307323018,75983933.39978503,0.016455929423426136,0.0
2020-05-04,142.90909743427216,146.30254976441083,141.95684031580737,145.95313500094363,45415427.24566585,0.0,0.0
2020-05-05,147.86574593472218,150.4577392801577,146.9733405668292,148.18772728270397,50782939.540970385,0.0,0.0
2020-05-06,149.56446578011978,151.37154494220897,148.30359312554157,149.31982271129056,48012152.07536068,0.009694645140927842,0.0
2020-05-07,151.55661436675106,153.2612629275833,150.47574838359708,151.81358910217816,40730063.89167562,0.02472875475348685,0.0
2020-05-08,153.2004984237162,154.4510033802832,151.6392593428886,153.6101607526122,45484806.87962284,0.05391206102838044,0.0
2020-05-11,152.52500331137156,155.87472532329062,151.748531038113,154.86197996434893,48970956.52516244,0.0,0.0
2020-05-12,155.297575723813,155.99062379148668,151.081936092383,151.2536737117281,53436581.27783686,0.0013028235665609013,0.0
2020-05-13,151.55359955328626,153.24552746139904,146.62130201698128,149.18086472884042,67471952.80333929,0.01852775095636711,0.0
2020-05-14,148.0679023479147,151.3786784593484,145.8712593844458,151.1377014420766,55649076.50359263,0.0024408876675016543,0.0
2020-05-15,148.89024943211788,153.9162542212396,147.8687411912235,152.672812061426,59944006.31695284,0.0032765249071024932,0.0
2020-05-18,155.82696631687548,158.05191448621252,154.5237052965176,156.38643746347378,47915248.60086082,0.0,0.0
2020-05-19,156.47998306501287,159.2621706047514,155.32148337807632,156.01852673209103,36825559.36217147,0.0011569323276056933,0.0
2020-05-20,158.27955847109646,160.21310829636795,157.5906686690981,159.38384411335258,40527107.457240574,0.112817828511057,0.0
2020-05-21,159.29311037005704,160.10646187784866,156.6720904740953,157.17031892988447,37385489.872876376,0.0001136264976901558,0.0
2020-05-22,157.19327649946806,158.87291083538676,156.09443013831768,158.10629975935638,29630777.620568443,0.0,0.0
2020-05-26,161.20885117282256,161.71649720872077,156.87460371907602,157.42530159576626,45363908.65619979,0.0,0.0
2020-05-27,157.0532300359605,158.25014749102118,152.40758319644405,157.37488398815842,43904807.194641486,0.0011784991511582816,0.0
2020-05-28,156.8040630143946,160.80234127698435,155.87732880408163,157.48977346882748,46898115.46163369,0.0045232228126329144,0.0
2020-05-29,158.24723711437926,160.72830551872195,156.59595945764394,159.80096239266618,55052945.51255257,0.00021127777133715198,0.0
2020-06-01,159.33673081280884,160.54420004379745,158.10531683554186,159.83801538673725,29104621.343521383,0.0,0.0
2020-06-02,160.48500441392358,161.72847728539296,158.38951659478357,161.28896059209282,33568801.936677836,0.0,0.0
2020-06-03,161.91752694493314,163.25484901958646,160.36020271342355,162.34420334793236,37246528.88988909,0.011521526980726561,0.0
2020-06-04,161.52563057994792,163.3337492229657,159.35809878844026,160.6670511326362,33227326.52457728,0.007626960859826795,0.0
2020-06-05,161.63275796654793,165.86884947862552,160.65186164726776,164.8749021379809,49390434.68407307,0.0,0.0
2020-06-08,164.14253539590686,165.96304975246838,162.15464783495037,165.24762772392052,35993615.411935866,0.0,0.0
2020-06-09,164.6541289767289,167.86397764220382,163.78389387773024,166.40078128269653,49379605.616925076,0.0010689445976254338,0.0
2020-06-10,167.55394198588513,171.41974391211838,166.76669849599998,169.78075006139116,57605997.22302468,0.0,0.0
2020-06-11,166.5607502614701,167.9817426869272,159.85343903400758,160.07628769451662,69953479.44030273,0.01436895643228637,0.0
2020-06-12,164.81100173740253,165.8615260366401,159.44528277942243,162.60783375306,67070832.77744387,0.0005907293391313184,0.0
2020-06-15,159.54069058024302,164.99732951655207,158.80598086335627,163.89359308087097,47871470.3832494,0.0,0.0
2020-06-16,167.5323589005335,169.34865953355924,164.49871586341726,167.13041778745418,57235225.741736196,0.007041360524178181,0.0
2020-06-17,168.12243226476446,169.55049677473116,166.7318607831412,167.61821692756453,39380416.38089143,0.0,0.0
2020-06-18,167.30453003727084,169.21516820529249,166.49560334236483,168.63816870517857,33908503.5989615,0.0,0.0
2020-06-19,170.48751023490235,171.53104540052897,166.27202887134175,167.3779847835564,86103731.23234503,0.06617089300592181,0.0
2020-06-22,167.83917940698504,171.5862451409699,167.1325305340278,171.18186053897725,46448284.453446455,0.0,0.0
2020-06-23,172.53226008675028,174.64254982884086,171.1039362633873,172.20417559602762,66593970.86659288,0.0,0.0
2020-06-24,171.56691095294673,172.90528871444042,166.87272811951377,168.04759599005016,63137825.284306444,0.0,0.0
2020-06-25,168.23430888062154,170.65840498468594,166.26536393946887,170.36621378332325,46033183.33474615,0.0,0.0
2020-06-26,170.14565953549817,170.70773411649753,165.62848774529613,166.63232539666714,71660076.28033823,0.0,0.0
2020-06-29,166.80671873128688,168.6752553845491,164.01735193314715,168.13507541293419,43780225.252917685,0.0,0.0
2020-06-30,168.3551544733518,172.3620488918541,167.7204935704798,171.68118951229664,48774012.87130415,0.0,0.0
2020-07-01,171.69089052825726,173.92356922424696,170.45424248771272,172.48611872658446,39339120.57177364,0.0,0.0
2020-07-02,174.13294350083154,175.75406340272153,172.75963584094788,173.51800814833635,39452270.18926537,0.0,0.0
2020-07-06,175.8788207335943,177.90964054992585,174.61455870159799,176.60797271142076,41533174.20709294,0.0,0.0
2020-07-07,176.52166561602456,178.96311775461584,174.56287092378315,174.8879952916329,40036222.56385622,0.0,0.0
2020-07-08,176.3870180632735,178.49691795845297,175.24724387166827,178.05288611753798,41270529.156152286,0.01877181757553259,0.0
2020-07-09,179.58831139855977,180.6205476955392,175.89364556689878,178.82907847128678,44621006.980178334,0.0066224116973303505,0.0
2020-07-10,178.55288443784565,179.71046577884331,176.2629509641489,178.68804169036446,33090453.718762722,0.0,0.0
2020-07-13,180.08602906137676,181.9725007475541,173.49164779695747,173.95164965436786,62936744.60727189,0.0,0.0
2020-07-14,173.1367414021497,176.64086110543548,169.80787967014643,176.1009346895576,57490425.12961919,0.006103319057612309,0.0
2020-07-15,177.64726960223382,179.06965364540213,174.3233709731834,176.83357177165036,50819559.900037274,0.0,0.0
2020-07-16,174.79098195062735,175.91938513684366,172.44372026276878,174.33213838347095,38339187.71995135,0.0,0.0
2020-07-17,175.3174613857802,176.4577165863471,173.23009895385763,175.28873333506374,34132866.63214371,0.0,0.0
2020-07-20,175.90371098293767,181.4294736301095,174.7600470269955,180.70802975900617,35080843.99916526,0.0,0.0
2020-07-21,181.79738272766474,182.28778068123398,177.54734959752875,178.3458633303241,38993480.35547167,0.0,0.0
2020-07-22,178.72853822589434,181.13428538625558,177.6851926876319,180.00811632169837,38544546.94561341,0.0,0.0
2020-07-23,178.9191041305702,180.9950304028228,173.91731135810176,174.88990916620094,71409241.54627876,0.0,0.0
2020-07-24,172.30348235768892,175.44131712714278,170.05093118249792,173.57026549140005,67618640.4043225,0.0,0.0
2020-07-27,174.31574763518572,176.95385019721607,173.64395582779838,176.4533885087846,44893672.10801559,0.0,0.0
2020-07-28,176.05655537882336,177.0795716147547,174.11923692731364,174.47988645480467,37354697.81216325,0.0,0.0
2020-07-29,175.1745716688693,177.9752353229331,174.6505581813327,177.10033562698968,33969731.43152142,0.0,0.0
2020-07-30,175.25478983580388,178.91041330801116,173.86246968852552,177.89563734764744,52523237.46485234,0.016455929423426136,0.0
2020-07-31,180.023421473282,181.93464905324862,176.47477428355091,181.02053378357874,114935028.2526486,0.0024408876675016543,0.0
2020-08-03,183.89481043217867,187.61640275279822,182.62170627930232,185.75946564649612,102260892.98312916,0.0,0.0
2020-08-04,185.22071241815183,187.20307011168012,183.20789218868413,186.05423073943132,61145870.34555817,0.0,0.0
2020-08-05,186.676359009667,188.77598484643255,184.97260377015348,187.18879389425092,42325495.31215774,0.0,0.0
2020-08-06,187.17384567215473,190.33789631112302,185.72452116858187,189.76222226483037,63959794.071782365,0.009694645140927842,0.0
2020-08-07,188.81863836768989,189.9025582066721,184.84171411097296,186.77005797034798,62174402.277969524,0.0786408157818673,0.0
2020-08-10,187.1367162884062,188.39697832397724,182.78885215508697,185.57509362075166,68131688.71712445,0.0016073565071058739,0.0
2020-08-11,185.05743367224562,186.83084308587462,181.4418975195963,182.44524453862692,62181891.342517756,0.0,0.0
2020-08-12,183.86428374462105,187.97402515038505,183.21377298831223,186.91313320988291,54094764.51311686,0.0013028235665609013,0.0
2020-08-13,187.32329128140805,189.82473790702912,186.18667289220213,187.44797102792427,64040260.16443263,0.01852775095636711,0.0
2020-08-14,187.6038858687866,188.72734389323372,185.84787446343208,187.3766017818574,50412873.48398111,0.0034692616663438165,0.0
2020-08-17,188.72324292080887,191.21060990827462,187.62782539291763,189.83265100240556,39168134.21634872,0.0,0.0
2020-08-18,190.39277413789716,191.97399990418316,188.26950924446223,190.45854943321865,35902273.60854052,0.0,0.0
2020-08-19,190.84085303478554,192.34452378498267,189.09249693418036,189.98264999562954,48365856.38293409,0.11008391275681258,0.0
2020-08-20,189.19868351085643,194.00169976438892,188.48464275865118,193.0629604510621,44295982.23180285,0.0025900008532871105,0.0
2020-08-21,193.19556488429222,196.6423600222566,192.02447526597766,195.0169888174269,101454039.05945349,0.00022501973284588312,0.0
2020-08-24,197.652523997156,198.81542220818838,194.3257447163579,196.67260970242478,100243108.61510517,0.0,0.0
2020-08-25,196.2765466058481,198.55015568923093,195.09859350037317,198.07283031965744,64279156.66816716,0.0,0.0
2020-08-26,199.52920866884094,203.18311566088286,198.01469452097226,201.92514348780313,55230149.0686049,0.0011784991511582816,0.0
2020-08-27,202.52120950555485,205.2436500873682,198.8525048421386,201.90135845920335,56986481.9568522,0.0045232228126329144,0.0
2020-08-28,202.95741128445636,206.02026237844248,201.73345801230099,204.83914518636675,58823317.16190533,0.0,0.0
2020-08-31,205.04712880629094,207.6282481607747,202.43235712285406,204.7550104384546,70924548.85227603,0.00021127777133715198,1.0519426542123014
2020-09-01,206.1974214840948,209.5845705166917,204.64860698665214,208.65839151262514,49638773.747370705,0.006784714358888036,0.0
2020-09-02,212.05810322910293,214.84128837871805,206.47411731031426,211.6330908906864,65557638.400394425,0.011521526980726561,0.0
2020-09-03,207.81901720992317,208.7265226406353,196.50208949629504,198.74328255970406,86937262.11869101,0.0,0.0
2020-09-04,197.4128049595481,200.92351012940168,186.41030698452494,195.2768628057931,107364140.21916302,0.0,0.0
2020-09-08,187.55043617728953,192.89613060187585,185.17059754081404,186.23445154129737,77955170.27501135,0.0008439248647795507,0.0
2020-09-09,191.2149659170693,195.51693009537811,188.63693944865392,193.19495264820847,61063253.77098704,0.0014067062511070147,0.0
2020-09-10,195.7530793082703,197.42648941270886,187.52471102389916,188.88914439664106,60081502.97477388,0.012652687957172715,0.0
2020-09-11,190.7656044153612,192.05864444930378,184.614133340934,187.2495045069194,59817344.73175101,0.0,0.0
2020-09-14,191.1340148254429,194.16233342663483,189.06599031691167,191.6340147032763,49373525.840986684,0.0018171923332861411,0.0
2020-09-15,194.83249256004282,196.39779628924563,191.67482914382146,193.7837995670246,57964691.63174807,0.0,0.0
2020-09-16,194.797542938325,195.99978829180174,189.71737483109644,190.11531586268674,50588219.34065617,0.0,0.0
